executionId,shareName
8171547,"d6e31721-b572-4770-8e4a-11ef9ddf42fd"
8165811,"8af3fd75-fdcb-4dfd-9d11-723440154581"
8164134,"9967dfe3-04e7-406a-9c5c-9b23cdd12786"
8161494,"7768059e-da59-4d92-af6a-26030ef24a26"
8157854,"b86ad6e8-3c6c-4516-b7bb-520604f6b742"
8157337,"ca4e93fd-bba7-43a1-b98a-7751ae2d0538"
8156061,"53fef4d0-2308-487e-a153-6b80b1988495"
8154342,"4490c6c1-d385-4485-8992-504a6891f276"
8148411,"ea72aa4d-4244-4669-9c35-6873f68248db"
8147842,"6c62a038-0f5a-4013-b143-b08eecff984a"
8139173,"194dbb7d-2757-45f7-af14-92fa14519bc7"
8137015,"fcb28e8d-2a68-4422-a325-6788a0ce6cc8"
8129947,"38bbca47-b7d1-44c7-8668-8f580e919a92"
8127806,"1b96f1c9-7411-43b0-b2d8-3f797672f946"
8120813,"bd015d32-a25d-4379-b484-a060d55523a3"
8120010,"1f66acfa-44af-4afe-9e93-8b064c34115e"
8117991,"8627de1a-352d-4a4c-b483-08985a94f9dd"
8117709,"69a86960-41e9-477f-9a61-02b356a2fffc"
8116061,"eb8a8562-e9db-4055-89a7-364cb7f28169"
8112110,"360f719f-5866-4ad1-b9b6-fcfaafcea0a7"
8108975,"88bc1dd6-b0e1-4e40-bd32-3861d5c73984"
8108815,"566bd835-1877-49ea-8f40-b7af12b37b80"
8107251,"a280e7f2-da90-4529-a029-4de9910c6f45"
8106562,"cb1bfc99-5214-4494-add0-cc864b1a0f64"
8103700,"d4459c83-9e1e-4f21-a497-c2ba0d8cb502"
8101555,"1d2cd03b-7be4-4baa-9063-b89ca5b9cd36"
8100912,"f89fbb5a-ac72-4007-acba-e37d0b0a6a24"
8100262,"86027a47-5a89-4d64-b04e-63c107137e1e"
8098772,"53cc1b49-706b-4fbe-a374-b594f6ecf34c"
8098001,"96976647-2e30-4871-9c09-58afc8a4a835"
8093651,"6d7848a3-3dac-4e5c-83f9-3ff44373a52f"
8093358,"172231fc-c9ca-4075-ab5a-9e3ef1c03c4e"
8091957,"fb59c9d0-5fac-4254-968c-f1c1a6829136"
8091494,"5b3dae32-d2fd-443b-a6bb-07d2264b49a1"
8091274,"5b935bdc-2749-470f-8389-66313383d5ae"
8091269,"73a4c208-51fd-4f7b-b339-e8fd89302225"
8090432,"9494f608-48e8-4a6c-8487-3e928ddfd675"
8090306,"6cbe3827-bafe-4960-9c1f-78098ac696c7"
8085254,"05dc6863-b2e9-44ab-b729-0a2c2df3adf4"
8084122,"47d0a1a8-50f4-474d-81f0-ba5317eef61a"
8082782,"5189984c-394a-46d7-af1e-0b1fecc15964"
8082770,"ffbcb3ae-0d0f-4fb9-8cac-73bc11ef684b"
8082616,"5d6f7b2a-74bb-49f2-81dc-7a694efe269d"
8082506,"3120aeea-8651-4ef5-a3ff-0759946132fa"
8082496,"16a7c977-acc3-4cac-950c-6ae471fa1d8a"
8082260,"399ce7ef-0fc9-4658-8260-120b0df8000e"
8082042,"57ee50d1-0746-48e0-9172-268c75415868"
8081887,"28b8efa9-42a6-4ee9-b5ed-5f624f2f18fc"
8081665,"ed3307de-3f46-42ac-b77a-c6907f295869"
8080467,"9e73a55a-89f0-4a82-ba9b-f1aae44d092b"
8075774,"fb788402-4b11-49bd-b84d-aba29ef7d79c"
8075768,"171fd31e-57a1-4bd0-8709-2100765886d8"
8075696,"a4a1cbb7-2f0d-46dc-add2-0e6490491b59"
8064159,"b06cf7ac-8b57-4806-aac2-c06f21706287"
8061810,"20c84f02-2a68-4f6d-a7f0-db679b4de717"
8061304,"8b9abf4e-e93f-44f1-bb36-ebb523edec8e"
8061050,"b33f14f6-15db-45b1-a67c-cfd5ab7ec2e8"
8061049,"ae5f35c3-ccbe-4001-bb04-756bdd044ea6"
8056844,"4bb78030-0d3c-424b-868b-5507908710aa"
8055465,"8711bb0f-f4d6-4341-9d1a-acc8c6db1029"
8054811,"088a6423-265b-4512-abbb-a22ba43b4632"
8054213,"1a086699-b277-40d5-8815-34ec05abe258"
8053353,"44922792-8651-4456-9a06-cbf9912a14d8"
8049872,"5d124732-eb32-4ec8-9182-798695e180d8"
8048585,"ba3b5f6c-8e05-4e5b-957d-872fad7a859c"
8046876,"1ee151c2-344f-4478-9b7b-d348990eb40c"
8044555,"ab8a3fb3-2e42-48ee-b2e4-a8a6cb66d6d7"
8037343,"a3e6c182-223e-46cf-9f9e-19a485c83ce3"
8034831,"6e9ac0bc-f29d-4757-a2ab-128e4633347d"
8032439,"19afe44d-b9db-4f1d-8158-934548e3e832"
8024399,"3b5c87cf-c2dc-4e55-b24d-02e64eaafae0"
8023879,"f19478b4-a439-40e8-983f-5ba06811a341"
8021266,"bec84c7d-726a-47e9-a45b-9415f8102ade"
8021151,"3ad1faaf-31de-4167-9ca5-e65f6f5e5dcd"
8020893,"c4f26ef6-6769-41df-b117-fc1243d5c53b"
8020626,"ddfa6e78-a5e7-4e12-a2ef-a00604335ef2"
8020540,"9e0d8fe2-cf76-46d9-bcef-c956268c6e17"
8011450,"d9580d23-93d1-409f-98a1-118b086163cb"
8011017,"1a56608e-8af1-414e-b744-85fa7c4f70ab"
8010282,"934542a5-8eb5-495c-b77a-86b125d40dd3"
8009880,"d70fef29-c9b1-4043-8b70-62cd5f88dfc0"
8005050,"6839e02a-7254-4473-8cdf-abd3594a16b7"
8003469,"634350c2-0716-4d9a-96be-95f6b8ebebff"
8001529,"282166cd-3b15-4f3e-bbe0-5d6b9fdfa9be"
8001142,"d41b5c97-3283-4a3b-92ce-e62c161e7104"
7999832,"fcc897ba-ef94-4d40-a5c4-7f519e14403b"
7994703,"e0e7f76a-2263-4874-b979-5579568fee45"
7991515,"5a9853ee-13aa-443f-84e9-026d325dc33c"
7991063,"b8e0448b-c6fb-42f7-a246-cf5766eb361c"
7990945,"4a504e22-baf5-492e-a518-f2f0da43957a"
7985731,"4976b76c-829f-4809-87f3-6522eacd424d"
7985113,"b0ed1398-7ef3-4c4c-8f0a-9c42bd962c32"
7984624,"8f49fee3-04a5-4ad6-a78a-94a1eb81bacb"
7982405,"1549db14-7437-418e-a637-56e16ff167b5"
7977801,"6bc08c5d-4731-48b8-b030-841595e2a217"
7977663,"eec4e271-2d95-429a-bed6-7e0eb142dd2e"
7977322,"312da967-64e6-42ae-a648-7fe7c2818b17"
7977205,"50e58b02-db21-4beb-9a15-985da1a6385d"
7976535,"b70f03f2-eb30-46f6-bc3a-1cb1ee824ce3"
7968724,"9bf9aaf0-de2e-48bd-bbc3-478e366f2b18"
7967084,"8184bccc-5605-4b13-ba00-ace0d50d91e0"
7966089,"de9c69f4-51c2-4a7e-b600-b0be459b14bb"
